Model,Accuracy,F1_Score,AUC
LogisticRegression,0.5443333333333333,0.49383031764360336,0.4633962213227731
